date,headline,url,categories,summary,vibe,in_top7,source
15-09-2026,UPDATE: US student visa duration-of-status rule blocked,<https://thepienews.com/temporary-win-for-sector-taking-on-duration-of-status-in-court/>,Destination Countries,"A federal judge granted an injunction stopping the rule that would cap study visas at four years from taking effect Sept 15, sparing Indian students from repeated extension filings.",positive,TRUE,The PIE News
15-09-2026,US colleges slash internships as CPT rules tighten,<https://thepienews.com/us-colleges-restrict-internships-as-cpt-rules-tighten/>,Destination Countries,"US universities are curtailing CPT placements after DHS warnings, cutting internship income and work experience for international students including the large Indian F-1 cohort.",negative,TRUE,The PIE News
15-09-2026,South Korean workers challenge Trump over Georgia raid,<https://us.cnn.com/2026/09/15/us/hyundai-plant-ice-raid-workers-file-claim-hnk-dst>,Destination Countries,"Over 300 South Korean workers detained in a Hyundai-plant immigration raid are filing legal claims against the Trump administration, signalling a hardening US enforcement climate for foreign workers.",neutral,TRUE,CNN
15-09-2026,London mayor launches welcome drive for foreign students,<https://thepienews.com/london-mayor-teams-up-with-unis-to-welcome-international-students/>,Destination Countries,"London's mayor launched a citywide welcome campaign for international students, a warmer signal for Indians weighing the UK against tightening rivals.",positive,TRUE,The PIE News
15-09-2026,Malaysia detains 472 undocumented workers in KL raid,<https://kathmandupost.com/national/2026/09/15/472-undocumented-workers-including-nepalis-detained-in-kuala-lumpur-raids>,Competitor Countries,"Malaysia detained 472 undocumented migrants including Indians, Nepalis and Bangladeshis in a Kuala Lumpur sweep, underscoring enforcement risks for South Asian workers.",negative,TRUE,Kathmandu Post
15-09-2026,"New Zealand student demand rebounds, India a key market",<https://thepienews.com/new-zealands-rebound-signals-shift-in-student-demand/>,Destination Countries,"New Zealand's international education earnings hit NZ$4.98 billion with India among its top two source markets, offering an alternative to tighter destinations.",positive,FALSE,The PIE News
09-09-2026,Japan weighs aviation category for foreign worker scheme,<https://www.japantimes.co.jp/news/2026/09/09/japan/foreign-worker-category-aviation/>,Destination Countries,"Japan's immigration agency is considering an aviation category under its Specified Skilled Worker programme, a possible new skilled route for Indian aviation technicians though initial plans reallocate ~300 existing workers rather than expand intake.",neutral,TRUE,The Japan Times
09-09-2026,Filipina care workers seen sustaining ageing Asia-Pacific,<https://businessmirror.com.ph/2026/09/09/filipina-care-workers-seen-sustaining-aging-asia-pacific/>,Competitor Countries,"Analysts see Filipino care workers increasingly filling Asia-Pacific's ageing-society labour gap, showing the Philippines consolidating a care-economy export niche India is still trying to scale.",neutral,TRUE,BusinessMirror
08-09-2026,US judge signals possible halt to student visa time-limit rule,<https://thepienews.com/judge-signals-possible-halt-to-us-student-visa-duration-rule/>,Destination Countries,"A federal judge hinted he may pause the rule replacing duration of status with a four-year cap, a potential reprieve for Indian students who would otherwise face repeated extension filings.",positive,TRUE,The PIE News
07-09-2026,"US proposes extra $103,265 fee on H-1B visas",<https://www.businesstoday.in/nri/visa/story/will-the-us-increase-h-1b-visa-fee-to-usd-200000-heres-what-we-know-553693-2026-09-07>,India Specific,"A proposed DHS fee stacked on the existing $100,000 charge could push total H-1B costs past $203,000, hitting India's IT workforce hardest.",negative,TRUE,Business Today
07-09-2026,Germany struggles to attract foreign skilled workers,<https://www.thelocal.de/20260907/can-germany-still-attract-foreign-workers-as-skilled-labour-shortages-spike>,Destination Countries,Deepening labour shortages amid falling immigration and political headwinds signal both opportunity and uncertainty for Indian professionals.,neutral,TRUE,The Local Germany
07-09-2026,US moves to strip work rights from H-1B spouses (H-4 EAD),<https://worldvisaacademy.com/blog/global-visa-immigration-updates-september-7-2026>,India Specific|Destination Countries,"DHS proposed scrapping the H-4 EAD program whose ~228,000 approved beneficiaries are mostly Indian women, risking income and status for thousands of Indian families.",negative,TRUE,World Visa Academy
05-09-2026,IDP to consolidate 15 India student placement offices,<https://thepienews.com/idp-to-consolidate-15-india-student-placement-locations/>,India Specific,"IDP is merging 15 India counselling offices and cutting ~200 roles, signalling that tighter visa regimes in Australia, Canada, the UK and US are shrinking India's outbound student pipeline.",negative,TRUE,The PIE News
04-09-2026,"Canada invites 3,500 healthcare workers via Express Entry",<https://www.canada.ca/en/immigration-refugees-citizenship/services/immigrate-canada/express-entry/submit-profile/rounds-invitations.html>,Destination Countries,A category-based Express Entry draw for healthcare occupations at CRS 475 keeps a key PR pathway open for Indian nurses and physicians.,positive,TRUE,IRCC
03-09-2026,Indian student mobility set to reshuffle by 2030,<https://monitor.icef.com/2026/09/the-outlook-for-indian-student-mobility-through-2030/>,India Specific,"A new outlook projects the UK overtaking the US and Canada as the top destination for Indian students by 2030, with Germany and wider Europe the fastest-growing options.",neutral,TRUE,ICEF Monitor
03-09-2026,Australia 2026 enrolments to fall; India hit by visa refusals,<https://monitor.icef.com/2026/09/australia-decline-in-international-higher-education-commencements-projected-for-2026/>,Destination Countries,"ICEF projects a 4% drop in Australian higher-ed commencements in 2026 with visa rejections concentrated among Indian, Nepali and Bangladeshi applicants.",negative,TRUE,ICEF Monitor
03-09-2026,UK eases Skilled Worker and student visa rules,<https://www.gov.uk/government/publications/statement-of-changes-to-the-immigration-rules-hc-584-3-september-2026/statement-of-changes-to-the-immigration-rules-hc-584-3-september-2026-accessible>,Destination Countries,HC 584 lets trafficking-victim skilled workers change employers and expands Erasmus+ study options for Indian workers and students in Britain.,neutral,TRUE,<http://GOV.UK|GOV.UK>
31-07-2026,Indian Workers in UAE Navigate Job Risks as US-Israel War on Iran Intensifies — One in Four UAE Employers Plans Job Cuts in Q3,https://www.thenewsminute.com/news/indian-workers-in-uae-navigate-job-risks-as-us-israel-war-on-iran-intensifies,UAE / India,One in four UAE employers plans job cuts in Q3 as Indian workers navigate job risks amid intensifying US-Israel war on Iran.,negative,TRUE,
31-07-2026,"Iran War Sends Shockwaves Through Gulf Migration — Indian and Asian Migrants Face Layoffs, Salary Cuts up to 50%",https://inkstickmedia.com/gulf-migration/,Gulf / GCC,Indian and Asian migrants face layoffs and salary cuts up to 50% as the Iran war sends shockwaves through Gulf migration.,negative,TRUE,
31-07-2026,"Over 10,000 OFWs Repatriated from Middle East amid Conflict Tensions — Philippines DMW Says Pace Declining But Efforts Ongoing",https://www.gmanetwork.com/news/pinoyabroad/dispatch/994668/over-10-000-ofws-repatriated-as-of-july-amid-middle-east-tensions-dmw/story/,Philippines / Gulf,"Over 10,000 OFWs repatriated from the Middle East amid conflict tensions; DMW says the pace is declining but efforts are ongoing.",negative,TRUE,
31-07-2026,India's MoSPI Launches National Migration Survey 2026 — Year-Long Study (Jul 2026–Jun 2027) to Generate Updated Internal Mobility Data,https://www.sanskritiias.com/current-affairs/national-migration-survey-2026-mapping-internal-mobility-in-india,India,India's MoSPI launches a year-long National Migration Survey 2026 to generate updated internal mobility data.,neutral,TRUE,
31-07-2026,"IOM India & IDC Chandigarh Release PRAYAS Report, Hold Stakeholder Consultation on Safe International Migration Trends",https://www.babushahi.com/full-news.php?id=224154,India,IOM India and IDC Chandigarh release the PRAYAS report and hold a stakeholder consultation on safe international migration trends.,neutral,TRUE,
31-07-2026,Philippines DMW Eyes Stronger Safeguards for OFWs Bound for Uzbekistan as Demand for Foreign Teachers Grows,https://businessmirror.com.ph/2026/07/29/dmw-eyes-stronger-safeguards-for-ofws-bound-for-uzbekistan/,Philippines,Philippines DMW eyes stronger safeguards for OFWs bound for Uzbekistan as demand for foreign teachers grows.,neutral,TRUE,
29-07-2026,"India–UK CETA in Force from 15 July — 20,000 Service Supplier Visas/Year for Indian Professionals; Double Contribution Convention Exempts 3-Year Assignees from Dual Social Security",https://www.business-standard.com/economy/news/india-uk-ceta-comprehensive-economic-and-trade-agreement-import-duty-tariffs-cut-july-15-exports-126071300485_1.html,India / UK,"India-UK CETA enters force from 15 July, offering 20,000 service supplier visas/year for Indian professionals and exempting 3-year assignees from dual social security.",positive,TRUE,
29-07-2026,India and Brazil Sign Labour and Digital Skills Pact at BRICS,https://thenewsmill.com/2026/07/india-and-brazil-agree-to-enhance-cooperation-on-digital-labour-platforms-and-skills/,India / Brazil,India and Brazil sign a labour and digital skills cooperation pact at BRICS.,positive,TRUE,
29-07-2026,New USCIS Memo May Force More Green Card Applicants to Apply from Abroad — Indians in Long Employment Queues Face Consular Processing Risk,https://www.americanimmigrationcouncil.org/blog/green-card-news-uscis-memo/,USA / India,"A new USCIS memo may force more green card applicants to apply from abroad, raising consular processing risk for Indians in long employment queues.",negative,TRUE,
29-07-2026,US DHS Rescinds 2022 Biden Public Charge Rule — Stricter Standard Restored; Broader Denial Risk for Immigrants,https://www.constangy.com/employment-labor-insider/six-in-26-immigration-developments-that-employers-and-international-travelers-need-to-address-now,USA,"US DHS rescinds the 2022 Biden public charge rule, restoring a stricter standard and broader denial risk for immigrants.",negative,TRUE,
29-07-2026,"UK Immigration Rules HC 259 Takes Effect 30 July — Graduate Route, Family Migration, Asylum and Criminality Framework All Amended",https://www.gov.uk/government/publications/statement-of-changes-to-the-immigration-rules-hc-259-9-july-2026,UK,"UK Immigration Rules HC 259 takes effect 30 July, amending the Graduate Route, family migration, asylum and criminality framework.",neutral,TRUE,
29-07-2026,"August 2026 US Visa Bulletin — Family Preferences Advance Sharply (F1 +5.5 Months, F2B +7 Months); India EB-2 Remains Unavailable Through September",https://www.boundless.com/blog/boundless-weekly-immigration-news,USA / India,"August 2026 US Visa Bulletin advances family preferences sharply, though India EB-2 remains unavailable through September.",neutral,TRUE,
29-07-2026,South Korea Extends Digital Nomad Visa (F-1-D) to 3 Years — Foreign Remote Workers Employed Abroad 1+ Year Now Eligible for Longer Stay,https://kpmg.com/xx/en/our-insights/gms-flash-alert/2026/flash-alert-2026-080.html,South Korea,South Korea extends its Digital Nomad Visa (F-1-D) to 3 years for foreign remote workers.,positive,TRUE,
29-07-2026,"Australia Finalises Essential Skills Pathway — Aged Care and Labour Agreement Sectors Get Permanent Route; Specialist Skills Salary Threshold Rises to AUD $146,717",https://kpmg.com/xx/en/our-insights/gms-flash-alert/2026/flash-alert-2026-181.html,Australia,"Australia finalises the Essential Skills Pathway, giving aged care and labour agreement sectors a permanent route while raising the Specialist Skills salary threshold.",positive,TRUE,
29-07-2026,Romania Launches WorkinRomania.gov.ro Digital Immigration Portal 8 August — Two New Visa Categories Replace Traditional Work Permit Structure,https://www.travelandtourworld.com/news/article/izdevtcy01mr/,Romania / EU,"Romania launches its WorkinRomania.gov.ro digital immigration portal on 8 August, replacing the traditional work permit structure with two new visa categories.",neutral,TRUE,
29-07-2026,"Japan Raises Visa Issuance Fees Substantially from 1 July — All Categories Affected Including Work, Study and Business",https://www.crownworldmobility.com/insights/immigration-weekly-update-july-16-2026-2/,Japan,"Japan raises visa issuance fees substantially from 1 July across work, study and business categories.",negative,TRUE,
29-07-2026,"Poland Revises Migrant Integration Policy — Selective, Controlled Framework; Ukrainians Lead at 67%, Indian Workers a Growing Cohort",https://home-affairs.ec.europa.eu/news/poland-sees-new-research-and-changes-policies-migrant-integration-2026-07-10_en,Poland / EU,"Poland revises its migrant integration policy toward a selective, controlled framework, with Indian workers a growing cohort.",neutral,TRUE,
27-07-2026,Canada Shuts Door to Sponsoring Parents & Grandparents Indefinitely — IRCC Pauses New PGP Applications Until Further Notice; Indian Families Disproportionately Affected,https://www.cicnews.com/2026/07/canada-shuts-door-to-sponsoring-parents-and-grandparents-for-permanent-residence-0778003.html,Canada,"Canada indefinitely pauses new Parents and Grandparents Program applications, disproportionately affecting Indian families.",negative,TRUE,
27-07-2026,"US DHS Finalises Rule Ending ""Duration of Status"" for F-1, J-1 and I Visa Holders — Fixed 4-Year Admission Cap Replaces Open-Ended Stay; Extensions to Require USCIS Approval from 15 September",https://ogletree.com/insights-resources/blog-posts/dhs-publishes-final-rule-replacing-duration-of-status-with-fixed-admission-periods-for-f-j-and-i-nonimmigrants/,United States / India,"US DHS finalises a rule ending duration of status for F-1, J-1 and I visa holders, replacing it with a fixed 4-year admission cap.",negative,TRUE,
27-07-2026,US Signals Major October Green Card Reset for India — EB-2 May Reopen for Priority Dates Before Jul 2014; EB-5 Unreserved Could Resume for Pre-May 2022 Cases from 1 October,https://www.travelandtourworld.com/news/article/9g3r4rq443go/,United States / India,"US signals a major October green card reset for India, with EB-2 potentially reopening for priority dates before July 2014.",positive,TRUE,
27-07-2026,"US Federal Appeals Court Temporarily Blocks TPS Termination for 300,000 Haitians Through 27 July — Work Permits and Deportation Protections Preserved While Litigation Continues",https://www.boundless.com/blog/boundless-weekly-immigration-news,United States,"A US federal appeals court temporarily blocks TPS termination for 300,000 Haitians through 27 July, preserving work permits during litigation.",neutral,TRUE,
27-07-2026,"Modi Is Exporting India's Workforce to a World Turning Against Immigration — New Bilateral Deals with Russia, Israel, Finland and EU Redirect Indian Labour as US Tightens",https://www.cnbc.com/2026/07/15/modi-export-india-workforce-anti-immigration.html,India / Global,"Modi redirects India's workforce via new bilateral deals with Russia, Israel, Finland and the EU as the US tightens immigration.",positive,TRUE,
27-07-2026,"Philippines Repatriates 10,580+ OFWs from Conflict-Affected Middle East Areas — Numbers Declining from April–May Peak but Repatriation Remains Government Priority",https://www.gmanetwork.com/news/pinoyabroad/dispatch/994668/over-10-000-ofws-repatriated-as-of-july-amid-middle-east-tensions-dmw/story/,Philippines / GCC,"Philippines repatriates over 10,580 OFWs from conflict-affected Middle East areas, with numbers declining from the April-May peak.",neutral,TRUE,
27-07-2026,"South Africa Deports or Repatriates 53,449 Migrants in Crackdown — Government Pledges to Speed Up Removals; Vigilante Groups Warned Against Illegal Searches",https://www.bloomberg.com/news/articles/2026-07-12/south-africa-says-53-449-migrants-returned-or-deported-in-crackdown,South Africa,"South Africa deports or repatriates 53,449 migrants in a crackdown, pledging to speed up removals.",negative,TRUE,
24-07-2026,"PH, Canada Sign First-Ever Federal-Level Bilateral Labor Agreement — Bans Recruitment Fees, Pledges Credential Recognition for Filipino Workers",https://globalnation.inquirer.net/330404/ph-canada-sign-first-federal-level-bilateral-labor-agreement-dmw,Philippines / Canada,Philippines and Canada sign a first-ever federal-level bilateral labor agreement banning recruitment fees for Filipino workers.,positive,TRUE,
24-07-2026,"Canada Sets Record for Deporting Indian Nationals — Indians Account for 32.5% of All Q1 2026 Removals, Largest Single Country Group",https://www.visaverge.com/canada/canada-border-services-agency-removes-record-numbers-of-indians-as-largest-deportee-group/,Canada / India,"Canada sets a record for deporting Indian nationals, who accounted for 32.5% of all Q1 2026 removals.",negative,TRUE,
24-07-2026,Sweden Proposes Work Permits Decoupled from Employer — No Reapplication Needed to Change Jobs; 6-Month Job-Search Safety Net for Laid-Off Workers; Effective Feb 2027,https://www.regeringen.se/pressmeddelanden/2026/07/regeringen-vill-forenkla-processen-for-arbetskraftsinvandrare/,Sweden,"Sweden proposes decoupling work permits from employers, adding a 6-month job-search safety net for laid-off workers.",positive,TRUE,
24-07-2026,New Zealand Expands Pathway Student Visa from 20 July — Secondary Students No Longer Required to Name Tertiary Course; Level 1–4 Qualifications and up to 30 Weeks English Study Now Eligible,https://www.immigration.govt.nz/visas/pathway-student-visa/,New Zealand,"New Zealand expands its Pathway Student Visa from 20 July, easing requirements for secondary students.",positive,TRUE,
24-07-2026,"ICE Nears 600,000 Deportations Since Trump Took Office — Agency Averaging 1,250 Formal Removals per Day Over Past Three Months",https://www.washingtontimes.com/news/2026/jul/23/ice-nears-600000-deportations-since-trump-took-office/,United States,"ICE nears 600,000 deportations since Trump took office, averaging 1,250 formal removals per day.",negative,TRUE,
24-07-2026,Romania Publishes Methodology for New Shortage Occupations List — Framework Identifies Roles Open to Foreign Recruitment Where EU/Romanian Workforce Is Unavailable; List Updated Every Six Months,https://www.crownworldmobility.com/insights/immigration-weekly-update-july-23-2026/,Romania / EU,Romania publishes its methodology for a new shortage occupations list identifying roles open to foreign recruitment.,neutral,TRUE,
24-07-2026,Hungary: Permanent Residence Cards for EEA Family Members Lose Validity by 3 August 2026 — Holders of 2016–2021 Cards Must Apply for New Status Before Deadline,https://oif.gov.hu/news/information-for-holders-of-permanent-residence-cards-issued-between-august-3-2016-and-august-2-2021,Hungary / EU,Hungary's permanent residence cards for EEA family members issued 2016-2021 lose validity by 3 August 2026.,neutral,TRUE,
24-07-2026,Australia Travel Declaration (ATD) Pilot to Expand to Perth and Adelaide — Digital System Gradually Replacing Paper Incoming Passenger Card Across All International Airports,https://www.crownworldmobility.com/insights/immigration-weekly-update-july-23-2026/,Australia,Australia's Travel Declaration pilot expands to Perth and Adelaide as the digital system replaces paper passenger cards.,neutral,TRUE,
23-07-2026,"UK's India Young Professionals Scheme Final 2026 Ballot Opens July 21 — 3,000 Places for 2-Year Work, Study and Travel Visa; Ballot Closes Today",https://www.business-standard.com/immigration/uk-s-india-young-professionals-scheme-ballot-opens-on-july-21-how-it-works-126071600444_1.html,United Kingdom / India,"UK's India Young Professionals Scheme final 2026 ballot opens for 3,000 places on a 2-year work, study and travel visa.",positive,TRUE,
23-07-2026,"Planning to Move to Japan? Residence Permit Fees to Rise from Oct 1 — Renewals Up to ¥75,000; Permanent Residency Jumps 20x to ¥200,000",https://www.business-standard.com/immigration/planning-to-move-to-japan-residence-permit-fees-to-rise-from-oct-1-126072200592_1.html,Japan,"Japan's residence permit fees rise sharply from October 1, with permanent residency fees jumping 20x.",negative,TRUE,
23-07-2026,US Judge Blocks Trump Administration from Stripping Immigrants of Work Permits — Injunction Covers Asylum Seekers and TPS Holders; Ruling Expected by Aug 5,https://www.aljazeera.com/news/2026/7/21/us-judge-blocks-trump-bid-to-strip-work-permits-from-immigrants,United States,"A US judge blocks the Trump administration from stripping immigrants of work permits, covering asylum seekers and TPS holders.",neutral,TRUE,
22-07-2026,"SCOTUS Rules TPS Terminations Are Final — Work Permits for 350,000 Haitian and Syrian Migrants in US Expire 24 July as Courts Prepare Implementing Orders",https://www.klaskolaw.com/scotus-rules-tps-terminations-are-final-an-employers-guide/,United States,"SCOTUS rules TPS terminations are final, with work permits for 350,000 Haitian and Syrian migrants expiring 24 July.",negative,TRUE,
22-07-2026,July 2026 U.S. Visa Bulletin: India EB-2 Green Card Goes Unavailable for Rest of FY 2026; EB-1 Retrogresses — No New Approvals for Indian Professionals Until October,https://newlandchase.com/july-2026-u-s-state-department-visa-bulletin-india-eb-2-becomes-unavailable-as-visa-number-pressure-continues/,United States / India,July 2026 US Visa Bulletin shows India EB-2 unavailable for the rest of FY2026 and EB-1 retrogressing.,negative,TRUE,
22-07-2026,"UK Immigration Update July 2026 — HC 259 Amends 42 Sections of Immigration Rules; Work, Study, Family Visa and Deportation Powers Reshaped; Effective 30 July and 3 August 2026",https://www.clydeco.com/en/insights/2026/07/uk-immigration-update-july-2026,United Kingdom,"UK Immigration Update HC 259 amends 42 sections of immigration rules across work, study, family visa and deportation powers.",neutral,TRUE,
22-07-2026,"South Korea Launches K-STAR Visa Track for STEM Experts — Fast-Track Permanent Residency in 3 Years, Open to Global Researchers and Technology Professionals",https://newlandchase.com/south-korea-launches-k-star-visa-track-for-stem-experts/,South Korea,South Korea launches the K-STAR visa track offering fast-track permanent residency in 3 years for STEM experts.,positive,TRUE,
22-07-2026,"Global Labour Shortages 2026: Japan, Germany, Spain, Greece, South Korea and Italy Turning to Mass Immigration and Regularization to Fill Millions of Vacant Jobs",https://www.visasupdate.com/post/global-labor-shortages-2026-immigration-regularization,Global,"Global labour shortages in 2026 push Japan, Germany, Spain, Greece, South Korea and Italy toward mass immigration and regularization.",neutral,TRUE,
22-07-2026,"South Korea Unveils 2026 Immigration Strategy — 191,000 Worker Quota Set, New Top-Tier STEM Visa Tracks and Regional Worker Pathways Introduced",https://www.visasupdate.com/post/south-korea-2026-immigration-strategy-new-visa-rules,South Korea,"South Korea unveils its 2026 Immigration Strategy, setting a 191,000 worker quota and new STEM visa tracks.",positive,TRUE,
22-07-2026,Australia Finalises Essential Skills Pathway — Permanent Visa Structure for Aged Care and Labour Agreement Sectors Locked In for 2026,https://labourbooking.com/insights/australia-labour-corridors-work-visa.html,Australia,"Australia finalises the Essential Skills Pathway, locking in a permanent visa structure for aged care and labour agreement sectors.",positive,TRUE,
22-07-2026,"Spain's Mass Regularization Scheme: What 500,000 Work Permits Mean for Migrant Mobility Across the EU",https://www.infomigrants.net/en/post/71133/spains-migrant-regularization-scheme-what-it-means-for-mobility-across-the-eu,Spain / EU,"Spain's mass regularization scheme grants 500,000 work permits, reshaping migrant mobility across the EU.",neutral,TRUE,
22-07-2026,"Portugal, Spain, Greece, Italy and Malta Overhaul Digital Nomad Visas in 2026 to Attract Long-Term Remote Workers Across the Schengen Area",https://www.travelandtourworld.com/news/article/portugal-joins-spain-greece-italy-and-malta-overhaul-digital-nomad-visas-and-passport-rules-in-2026-to-attract-long-term-remote-workers-across-the-schengen-area/,Southern Europe,"Portugal, Spain, Greece, Italy and Malta overhaul digital nomad visas in 2026 to attract long-term remote workers.",positive,TRUE,
21-07-2026,EU Talent Pool Regulation (2026/1047) Now in Effect — EU-Wide Digital Platform to Match Non-EU Jobseekers with Employers Across All Member States in Shortage Occupations,https://iuslaboris.com/insights/eu-talent-pool-regulation-new-framework-takes-effect-in-june-2026/,EU,"The EU Talent Pool Regulation is now in effect, launching an EU-wide digital platform matching non-EU jobseekers with employers in shortage occupations.",positive,TRUE,
21-07-2026,"New Zealand Announces Final Changes to Skilled Migrant Category Resident Visa — Two New Pathways Added, Work Experience Requirement Reduced; Effective 24 August 2026",https://www.immigration.govt.nz/about-us/news-centre/further-changes-to-the-skilled-migrant-category-to-come-into-effect-in-august-2026,New Zealand,"New Zealand announces final changes to the Skilled Migrant Category Resident Visa, adding two new pathways and reducing work experience requirements.",positive,TRUE,
21-07-2026,USCIS Reaches FY 2027 H-1B Cap — No Second Lottery; Cap-Subject Window Closed Until March 2027,https://www.uscis.gov/newsroom/alerts/uscis-reaches-fiscal-year-2027-h-1b-cap,United States / India,"USCIS reaches the FY2027 H-1B cap with no second lottery, closing the cap-subject window until March 2027.",negative,TRUE,
21-07-2026,"South Korea Officially Launches Digital Nomad Workation Visa (F-1-D) — 3-Year Stay, Eased Income Requirements",https://www.businesstoday.in/nri/visa/story/south-korea-launches-digital-nomad-visa-3-year-stay-relaxed-income-requirements-heres-who-qualifies-542578-2026-07-13,South Korea,South Korea officially launches its Digital Nomad Workation Visa offering a 3-year stay with eased income requirements.,positive,TRUE,
21-07-2026,"Japan Suspends New Specified Skilled Worker Certificates of Eligibility for Food Service Field — 50,000-Worker Cap Nearing",https://jobsinjapan.com/japan-faq/what-is-changing-in-japans-foreign-hiring-and-visa-rules-in-2026-and-why-it-matters/,Japan,"Japan suspends new Specified Skilled Worker certificates for the food service field as the 50,000-worker cap nears.",negative,TRUE,
21-07-2026,NITI Aayog Flags Critical Skilling Gaps — India Risks Missing Labour Export Opportunity Despite Surging Global Demand,https://theprint.in/india/governance/india-isnt-ready-to-supplement-labour-shortages-abroad-niti-aayog-flags-critical-skilling-gaps/2937433/,India,"NITI Aayog flags critical skilling gaps, warning India risks missing labour export opportunity despite surging global demand.",negative,TRUE,
21-07-2026,"Indonesia Plans to Deploy 500,000 Workers Abroad in 2026 — Targeting Japan, South Korea and Middle East Corridors",https://businesshubasia.com/indonesia-workers-work-overseas-2026/,Indonesia,"Indonesia plans to deploy 500,000 workers abroad in 2026, targeting Japan, South Korea and Middle East corridors.",negative,TRUE,
21-07-2026,Trump Vows Changes to Immigration Crackdown to Protect Migrant Farmers and Hotel Workers Following Industry Pushback,https://www.aol.com/news/trump-vows-changes-immigration-crackdown-164033884.html,United States,Trump vows changes to the immigration crackdown to protect migrant farmers and hotel workers following industry pushback.,neutral,TRUE,
21-07-2026,"Germany Faces Massive Skilled Worker Shortage in 2026 — 300,000 Foreign Workers Needed Annually; 163+ Shortage Occupations Listed",https://www.visasupdate.com/post/germany-skilled-worker-shortage-2026,Germany,"Germany faces a massive skilled worker shortage in 2026, needing 300,000 foreign workers annually.",neutral,TRUE,
21-07-2026,"US DHS Broadens Public Charge Rule — Medicaid, SNAP and Housing Aid to Count Against Green Card Applicants; Effective 18 September 2026",https://thebeatdfw.com/4538103/immigration-updates-july-2026-us-workers/,United States / India,"US DHS broadens the public charge rule so Medicaid, SNAP and housing aid count against green card applicants.",negative,TRUE,
20-07-2026,"Trump Administration Issues Final Rule Ending ""Duration of Status"" for F-1, J-1 Visa Holders — Fixed 4-Year Admission Cap Introduced, Effective 15 Sept 2026",https://www.dhs.gov/,United States,"Trump administration issues a final rule ending duration of status for F-1 and J-1 visa holders, introducing a fixed 4-year admission cap.",negative,TRUE,
20-07-2026,"New USCIS Memo May Force More Green Card Applicants to Apply from Abroad, Causing Chaos and Confusion",https://www.americanimmigrationcouncil.org/blog/green-card-news-uscis-memo/,United States / India,"A new USCIS memo may force more green card applicants to apply from abroad, causing chaos and confusion.",negative,TRUE,
20-07-2026,India to Begin Year-Long National Migration Survey from July 2026 — First Comprehensive Mobility Study Since 2007,https://www.civilsdaily.com/news/govt-to-begin-year-long-national-migration-survey-from-july-2026/,India,"India begins a year-long National Migration Survey from July 2026, its first comprehensive mobility study since 2007.",neutral,TRUE,
20-07-2026,"India Has Signed 28 Migration-Mobility Partnerships, Trusted Pathways Can Contribute to Stronger Economies: Jaishankar",https://ddnews.gov.in/en/india-has-signed-28-migration-and-mobility-pacts-with-26-countries-eam-jaishankar-at-human-mobility-partnership-forum/,India / Global,"Jaishankar says India has signed 28 migration-mobility partnerships, with trusted pathways contributing to stronger economies.",positive,TRUE,
20-07-2026,Canada Proposes Asylum System Reforms — Public Feedback Period Closes 20 July 2026,https://www.spscanada.com/canada-immigration-updates-for-july-2026/,Canada,"Canada proposes asylum system reforms, with the public feedback period closing 20 July 2026.",neutral,TRUE,
20-07-2026,British Columbia Opens New Immigration Pathways for Rural Healthcare Workers — 250 Nominations Available Through 31 August,https://www.barbicanimmigration.ca/post/british-columbia-opens-new-immigration-pathways-for-rural-healthcare-workers,Canada,"British Columbia opens new immigration pathways for rural healthcare workers, with 250 nominations available through 31 August.",positive,TRUE,
20-07-2026,Canada: New Regulations Effective 15 July Strengthen Oversight of Licensed Immigration Consultants,https://www.magellanimmigration.com/blog/canada-immigration-changes-june-2026,Canada,Canada's new regulations effective 15 July strengthen oversight of licensed immigration consultants.,neutral,TRUE,
20-07-2026,Vietnam's Overseas Worker Outflows Decline in H1 2026 Amid Global Labour Market Slowdown,https://en.nhandan.vn/expanding-access-to-high-quality-employment-abroad-post164015.html,Vietnam,Vietnam's overseas worker outflows decline in H1 2026 amid a global labour market slowdown.,positive,TRUE,
20-07-2026,Australia-EU Free Trade Agreement Includes Four-Year Professional Mobility Provisions; Mutual Professional Qualification Recognition,https://www.imidaily.com/asia-pacific/australia-eu-trade-deal-includes-four-year-professional-mobility-provisions/,Australia / EU,The Australia-EU Free Trade Agreement includes four-year professional mobility provisions and mutual qualification recognition.,positive,TRUE,
17-07-2026,"India, Israel Sign 16 MoUs; PM Modi and PM Netanyahu Announce Special Strategic Partnership — Includes 3 Labour Mobility Protocols Enabling Regulated Recruitment of Indian Workers in Commerce, Manufacturing & Restaurants",https://ddnews.gov.in/,India / Israel,India and Israel sign 16 MoUs including 3 labour mobility protocols enabling regulated recruitment of Indian workers.,positive,TRUE,
17-07-2026,India and Brazil Agree to Enhance Cooperation on Digital Labour Platforms and Skills,https://thenewsmill.com/2026/07/india-and-brazil-agree-to-enhance-cooperation-on-digital-labour-platforms-and-skills/,India / Brazil,India and Brazil agree to enhance cooperation on digital labour platforms and skills.,positive,TRUE,
17-07-2026,"India World's Top Receiver of Remittances from Workers Overseas — $137.7B in 2024, First Country to Cross $100B Threshold",https://www.thehawk.in/news/world/india-worlds-top-receiver-of-remittances-from-workers-overseas,India / Global,"India is the world's top receiver of remittances at $137.7B in 2024, the first country to cross the $100B threshold.",positive,TRUE,
17-07-2026,Europe Emerges as Major Destination for Nepali Workers as Gulf Uncertainties Grow,https://kathmandupost.com/national/2026/07/16/europe-emerges-as-major-destination-for-nepali-workers-as-gulf-uncertainties-grow,Europe / Nepal,Europe emerges as a major destination for Nepali workers as Gulf uncertainties grow.,neutral,TRUE,
17-07-2026,"Over 10,000 OFWs Repatriated from Middle East Conflict Zones as of July — DMW",https://www.gmanetwork.com/news/pinoyabroad/dispatch/994668/over-10-000-ofws-repatriated-as-of-july-amid-middle-east-tensions-dmw/story/,Philippines / Gulf,"Over 10,000 OFWs repatriated from Middle East conflict zones as of July, per DMW.",neutral,TRUE,
17-07-2026,"Romania Launches WorkinRomania.gov.ro — New Unified Digital Work Permit System for Foreign Workers, Live 8 Aug 2026",https://www.romania-insider.com/new-workinromania-platform-july-2026,Romania / EU,"Romania launches WorkinRomania.gov.ro, a new unified digital work permit system for foreign workers, live 8 August 2026.",neutral,TRUE,
17-07-2026,Trump Deportation Push Falters After Fatal ICE Encounters,https://www.washingtonpost.com/politics/2026/07/15/trump-deportation-push-falters-after-fatal-ice-encounters/,United States,Trump's deportation push falters after fatal ICE encounters.,neutral,TRUE,
17-07-2026,Green Card Update: Visas Paused as US Hits EB-5 Cap for Indians,https://www.newsweek.com/green-card-update-visas-paused-as-us-hits-eb-5-cap-for-indians-12073942,United States / India,"US hits the EB-5 cap for Indians, pausing visa issuance.",negative,TRUE,
17-07-2026,Canada: Aging Workforce Needs More Than Immigration,https://policyoptions.irpp.org/2026/07/canada-aging-workforce-immigration,Canada,Canada's aging workforce needs more than immigration to address labour gaps.,neutral,TRUE,
17-07-2026,Australia — New Skills in Demand Visa Salary Thresholds and Subclass 407 Changes Effective 1 July 2026,https://kpmg.com/xx/en/our-insights/gms-flash-alert/2026/flash-alert-2026-069.html,Australia,Australia's new Skills in Demand visa salary thresholds and Subclass 407 changes take effect 1 July 2026.,neutral,TRUE,
17-07-2026,"Australia Announces 2026 Work and Holiday Visa Ballots; Germany, South Korea, Cyprus and Finland Newly Eligible for Subclass 417 from 1 July",https://iasservices.org.uk/australia-announces-skilled-visa-salary-increases-and-opens-2026-work-and-holiday-visa-ballots/,Australia / Global,"Australia announces 2026 Work and Holiday Visa ballots, adding Germany, South Korea, Cyprus and Finland to Subclass 417 eligibility.",positive,TRUE,
16-07-2026,UK-India Free Trade Agreement Officially Enters into Force — 15 July 2026,https://www.gov.uk/,United Kingdom / India,The UK-India Free Trade Agreement officially enters into force on 15 July 2026.,positive,TRUE,
16-07-2026,Inside India: Modi Is Exporting India's Workforce to a World Turning Against Immigration,https://www.cnbc.com/2026/07/15/modi-export-india-workforce-anti-immigration.html,India / Global,Modi is exporting India's workforce to a world turning against immigration via new bilateral deals.,neutral,TRUE,
16-07-2026,South Korea – Immigration Reforms Expand Top-Tier Visa Access and Streamline Employment Visas,https://kpmg.com/xx/en/our-insights/gms-flash-alert/2026/flash-alert-2026-080.html,South Korea,South Korea's immigration reforms expand top-tier visa access and streamline employment visas.,positive,TRUE,
16-07-2026,India Prioritises Skilled Worker Mobility Amid New Zealand Immigration Debate,https://www.indiandefensenews.in/2026/07/india-prioritises-skilled-worker.html,India / New Zealand,India prioritises skilled worker mobility amid New Zealand's immigration debate.,neutral,TRUE,
16-07-2026,Spain: Migrant Regularisation Could Ultimately Bring Three Million Newcomers to Country,https://brusselssignal.eu/2026/07/migrant-regularisation-could-ultimately-bring-three-million-newcomers-to-spain/,Spain / EU,Spain's migrant regularisation could ultimately bring three million newcomers to the country.,neutral,TRUE,
16-07-2026,China Intensifies Detention and Deportation of Undocumented Myanmar Workers in Yunnan Province,https://www.business-humanrights.org/en/latest-news/china-undocumented-myanmar-workers-face-detention-abuse-and-deportation/,China / Myanmar,China intensifies detention and deportation of undocumented Myanmar workers in Yunnan Province.,negative,TRUE,
16-07-2026,H-1B Visa Analysis Shows How Much Indian Workers Earn in US,https://www.newsweek.com/h1b-visa-analysis-how-much-indian-workers-earn-us-12094581,United States / India,An H-1B visa analysis shows how much Indian workers earn in the US.,negative,TRUE,
15-07-2026,ICE Shootings in Maine and Houston Spark Outcry; Agency Suspends Vehicle Stops,https://www.cnn.com/2026/07/14/us/live-news/ice-shootings-maine-houston,United States,"ICE shootings in Maine and Houston spark outcry, prompting the agency to suspend vehicle stops.",negative,TRUE,
15-07-2026,17 Mexicans Whose ICE-Related Deaths Prompted Mexico to Demand Accountability,https://www.cnn.com/2026/07/14/americas/mexicans-deaths-ice-custody-operations-latam-intl,United States / Mexico,"17 Mexicans died in ICE-related incidents, prompting Mexico to demand accountability.",negative,TRUE,
15-07-2026,Nine Deaths Tied to Trump's Immigration Enforcement Operations in US,https://www.aljazeera.com/news/2026/7/13/nine-deaths-tied-to-trumps-immigration-enforcement-operations-in-us,United States,Nine deaths are tied to Trump's immigration enforcement operations in the US.,negative,TRUE,
14-07-2026,New Ten-Year ILR Rule Resets Clocks For Skilled Workers,https://dazzlingdawn.com/2026/07/13/new-ten-year-ilr-rule-resets-clocks-for-skilled-workers,United Kingdom / India,A new ten-year ILR rule resets clocks for skilled workers in the UK.,negative,TRUE,
14-07-2026,OFW Repatriation Efforts Continue Amid Middle East Tensions — DMW,https://globalnation.inquirer.net/330742/ofw-repatriation-efforts-continue-amid-middle-east-tensions-dmw,Philippines / Gulf,"OFW repatriation efforts continue amid Middle East tensions, per DMW.",neutral,TRUE,
13-07-2026,"India Has Signed 28 Migration-Mobility Partnerships; Trusted Pathways Contribute to Stronger Economies, Says Jaishankar",https://www.tribuneindia.com/news/world/india-has-signed-28-migration-mobility-partnerships-trusted-pathways-can-contribute-to-stronger-economies-jaishankar/,India,"India has signed 28 migration-mobility partnerships, with trusted pathways contributing to stronger economies, says Jaishankar.",positive,TRUE,
13-07-2026,"UK Westminster Hall Debates 720,772-Signature Petition on Offshore Detention and Deportation of Illegal Migrants",https://committees.parliament.uk/committee/326/petitions-committee/news/214746/mps-will-debate-a-petition-relating-to-offshore-detention-and-deportation-of-illegal-migrants/,United Kingdom,"UK Westminster Hall debates a 720,772-signature petition on offshore detention and deportation of illegal migrants.",negative,TRUE,
13-07-2026,UK Immigration and Asylum Bill 2026: Second Reading in House of Commons,https://commonslibrary.parliament.uk/research-briefings/cbp-10940/,United Kingdom,The UK Immigration and Asylum Bill 2026 has its second reading in the House of Commons.,neutral,TRUE,
13-07-2026,"South Africa Says 53,449 Migrants Returned or Deported in Five-Week Crackdown",https://www.bloomberg.com/news/articles/2026-07-12/south-africa-says-53-449-migrants-returned-or-deported-in-crackdown,South Africa,"South Africa says 53,449 migrants were returned or deported in a five-week crackdown.",negative,TRUE,
13-07-2026,South Africa Government Considers Scaling Back Illegal Migration Crackdown,https://www.businessday.co.za/news/2026-07-12-government-considers-scaling-back-illegal-migration-crackdown,South Africa,South Africa's government considers scaling back its illegal migration crackdown.,neutral,TRUE,
13-07-2026,"US: TPS Employment Authorisation Again Extended Briefly for Seven Countries — Haiti Through 24 July, Others Through 17 July",https://www.fragomen.com/insights/united-states-tps-employment-authorization-again-extended-briefly-for-several-countries.html,United States,US TPS employment authorisation is again briefly extended for seven countries.,neutral,TRUE,
13-07-2026,Australia and Fiji Sign Vuvale Union; New Workforce Mobility Pathways and Vuvale Skills Hub Established,https://thediplomat.com/2026/07/from-partnership-to-union-australia-and-fiji-sign-2-new-security-agreements/,Australia / Pacific,"Australia and Fiji sign the Vuvale Union, establishing new workforce mobility pathways and a Vuvale Skills Hub.",positive,TRUE,
11-07-2026,"India-Australia Summit Concludes with 18 Outcomes: Mining Skills Centre of Excellence in Bhubaneswar (MoU with TAFE Western Australia), MATES Pathway, University Campuses in India, Nuclear Cooperation Operationalised",https://ibgnews.com/,India / Australia,The India-Australia Summit concludes with 18 outcomes including a Mining Skills Centre of Excellence and the MATES Pathway.,positive,TRUE,
11-07-2026,"India-New Zealand Ties Elevated to Strategic Partnership; FTA's 5,000 Temporary Employment Entry Visas for Indians Confirmed; NZ Skilled Migrant Category Changes for August Announced",https://www.business-standard.com/,India / New Zealand,"India-New Zealand ties are elevated to a Strategic Partnership, confirming 5,000 temporary employment entry visas for Indians.",positive,TRUE,
11-07-2026,"July 2026 US Visa Bulletin: EB-2 India Unavailable for Remainder of FY2026, EB-1 India Retrogresses Two Months, EB-5 Unreserved India Also Cut Off",https://travel.state.gov/content/travel/en/legal/visa-law0/visa-bulletin/2026/visa-bulletin-for-july-2026.html,United States / India,"July 2026 US Visa Bulletin shows EB-2 India unavailable for the rest of FY2026, with EB-1 and EB-5 also cut off.",negative,TRUE,
11-07-2026,"UK Statement of Changes to Immigration Rules HC 259 (9 July 2026): Graduate Route, Family Migration and Deportation Framework Updated; Takes Effect 30 July & 3 August",https://www.gov.uk/government/publications/statement-of-changes-to-the-immigration-rules-hc-259-9-july-2026,United Kingdom,"UK's Statement of Changes to Immigration Rules HC 259 updates the Graduate Route, family migration and deportation framework.",neutral,TRUE,
11-07-2026,New Zealand Announces Further Skilled Migrant Category Changes Effective 24 August 2026: New Skilled Work Experience Pathway and Trades & Technician Route; Reduced NZ Experience Requirement,https://www.immigration.govt.nz/about-us/news-centre/further-changes-to-the-skilled-migrant-category-to-come-into-effect-in-august-2026/,New Zealand,"New Zealand announces further Skilled Migrant Category changes effective 24 August 2026, adding new pathways.",positive,TRUE,
11-07-2026,India Focused on Skilled Mobility as New Zealand Tightens General Immigration Rules; MEA Stresses 'Mobility Not Migration' Framing in India-NZ FTA Engagement,https://www.business-standard.com/economy/news/india-focuses-on-skilled-mobility-as-nz-tightens-immigration-rules-mea-126070400058_1.html,India / New Zealand,"India focuses on skilled mobility as New Zealand tightens general immigration rules, with MEA stressing 'mobility not migration'.",neutral,TRUE,
11-07-2026,US Companies to Lose Thousands of Migrant Workers as TPS Work Permits Expire for Seven Countries from 17–24 July 2026,https://www.newsweek.com/us-companies-to-lose-thousands-of-migrant-workers-within-weeks-12184479,United States,US companies stand to lose thousands of migrant workers as TPS work permits expire for seven countries.,negative,TRUE,
10-07-2026,US Department of Labor Launches First-Ever H-1B Visa Fraud Investigation; Dozens of Subpoenas Issued to Employers of Indian IT Workers,https://www.tribuneindia.com/,United States / India,"US Department of Labor launches its first-ever H-1B visa fraud investigation, issuing subpoenas to employers of Indian IT workers.",negative,TRUE,
10-07-2026,USCIS Rule Effective Today (July 10): Expanded Authority to Reject or Deny Immigration Applications Over Signature and Technical Deficiencies,https://www.boundless.com/blog/boundless-weekly-immigration-news,United States / India,A USCIS rule effective July 10 expands authority to reject or deny immigration applications over signature deficiencies.,negative,TRUE,
10-07-2026,"Stricter H-1B Rules Proposed for August: Third-Party Placement Crackdown, Higher Wage Thresholds, New Fees — Indian IT Staffing Model in Crosshairs",https://thefederal.com/category/business/h1-b-student-visa-news-rules-from-august-249556,United States / India,"Stricter H-1B rules proposed for August target third-party placement, with higher wage thresholds and new fees.",negative,TRUE,
10-07-2026,"PM Modi at Third India-Australia Annual Summit with PM Albanese in Melbourne; Trade, Technology and People-to-People Mobility Outcomes Awaited",https://stratnewsglobal.com/general/indonesia-australia-new-zealand-modi-embarks-on-key-3-nations-tour/,India / Australia,"PM Modi attends the Third India-Australia Annual Summit with PM Albanese in Melbourne, with mobility outcomes awaited.",positive,TRUE,
10-07-2026,PM Modi Begins Historic Auckland Visit — First Indian PM in New Zealand in 40 Years; Immigration Standoff and FTA Mobility Provisions in Focus,https://www.indianweekender.co.nz/news/pm-modi-to-begin-three-nation-visit-to-indonesia-new-zealand-australia-from-july-6,India / New Zealand,"PM Modi begins a historic Auckland visit, the first by an Indian PM to New Zealand in 40 years.",positive,TRUE,
10-07-2026,"UK Immigration and Asylum Bill 2026 Introduced: New Appeals Authority, Single 'Protection Status' Replacing Refugee/HP Categories, Modern Slavery Reforms; Second Reading 13 July",https://bills.parliament.uk/bills/4254,United Kingdom,"The UK Immigration and Asylum Bill 2026 is introduced, creating a new Appeals Authority and single 'Protection Status'.",neutral,TRUE,
10-07-2026,UK Opens Second and Final 2026 Youth Mobility Scheme Ballot for Hong Kong SAR and Taiwan Youth (14–16 July); 200 Places Remaining,https://www.fragomen.com/insights/united-kingdom-hong-kong-sar-chinese-and-taiwan-youth-mobility-scheme-second-ballot-to-open-july-14-2026.html,United Kingdom,UK opens its second and final 2026 Youth Mobility Scheme ballot for Hong Kong SAR and Taiwan youth.,neutral,TRUE,
05-07-2026,New Zealand Plans India-Specific Immigration Tightening; MEA Pushes Back,https://www.business-standard.com/economy/news/india-focuses-on-skilled-mobility-as-nz-tightens-immigration-rules-mea-126070400058_1.html,New Zealand / India,"New Zealand plans India-specific immigration tightening, prompting pushback from India's MEA.",negative,TRUE,
05-07-2026,"US July 2026 Visa Bulletin: EB-2 India Unavailable, EB-1 India Retrogresses",https://travel.state.gov/content/travel/en/legal/visa-law0/visa-bulletin/2026/visa-bulletin-for-july-2026.html,United States / India,US July 2026 Visa Bulletin shows EB-2 India unavailable and EB-1 India retrogressing.,negative,TRUE,
05-07-2026,UAE Strips UK Residency as Visa-on-Arrival Qualifier for Indian Passport Holders,https://www.business-standard.com/immigration/uae-changes-visa-rules-for-indians-who-can-still-get-visa-on-arrival-126070100476_1.html,UAE / India,UAE strips UK residency as a visa-on-arrival qualifier for Indian passport holders.,negative,TRUE,
05-07-2026,"Modi Embarks on 3-Nation Indo-Pacific Tour July 6: Indonesia, Australia, New Zealand",https://www.tribuneindia.com/news/india/pm-modi-on-3-nation-trip-to-indonesia-australia-and-new-zealand-from-july-6/,India / Indonesia / Australia / New Zealand,"Modi embarks on a 3-nation Indo-Pacific tour covering Indonesia, Australia and New Zealand.",positive,TRUE,
05-07-2026,"Canada Slashes Temporary Resident Intake 43% to 385,000 in 2026; Indians Hit Hardest",https://www.chinapulse.com/data-news/2026/07/02/canada-immigration-changes-in-july-2026-what-it-means-for-indian-students-workers,Canada / India,"Canada slashes temporary resident intake 43% to 385,000 in 2026, hitting Indians hardest.",negative,TRUE,
05-07-2026,India NRI Remittances Reach $73B in H1 2026; Advanced Economies Now Over Half,https://dailypioneer.com/news/nri-remittances-surge-in-india-whats-driving-the-2026-shift,India / Global,"India's NRI remittances reach $73B in H1 2026, with advanced economies now over half of inflows.",positive,TRUE,
05-07-2026,Australia Enacts Law Granting New Power to Temporarily Restrict Visa Holder Arrivals,https://www.envoyglobal.com/news-alert/australia-enacts-new-law-allowing-temporary-restrictions-on-certain-visa-holder-arrivals/,Australia,Australia enacts a law granting new power to temporarily restrict visa holder arrivals.,neutral,TRUE,
03-07-2026,Japan Exempts India from 400% Visa Fee Hike Effective July 1,https://www.travelandtourworld.com/news/article/r5mnwh09begk/,Japan / India,Japan exempts India from its 400% visa fee hike effective July 1.,positive,TRUE,
03-07-2026,Saudi Arabia Enforces 30% Saudisation for 46 Engineering Professions,https://www.spa.gov.sa/en/N2624646,Saudi Arabia,Saudi Arabia enforces a 30% Saudisation quota for 46 engineering professions.,negative,TRUE,
03-07-2026,Saudi Arabia Lifts Block Work Visa Quota Hold for India Post-Hajj,https://www.fragomen.com/insights/saudi-arabia-temporary-hold-on-block-work-visa-quotas-for-certain-nationalities.html,Saudi Arabia / India,Saudi Arabia lifts its block work visa quota hold for India post-Hajj.,positive,TRUE,
03-07-2026,Australia Hikes Student Visa 25% and Temp Graduate 25% from July 1,https://monitor.icef.com/2026/07/surprise-hike-in-international-student-visa-application-fees-a-direct-hit-to-australias-competitiveness/,Australia,Australia hikes Student Visa and Temporary Graduate visa fees 25% each from July 1.,negative,TRUE,
03-07-2026,India's Inaugural HR Mobility Forum Concludes with Five Country Sessions,https://newsonair.gov.in/india-concludes-two-day-human-resource-mobility-forum-in-new-delhi/,India / Global,India's inaugural HR Mobility Forum concludes with five country sessions.,positive,TRUE,
03-07-2026,US Indian Student Enrollment Falls 6.9% as F-1 Visa Barriers Accumulate,https://www.visaverge.com/news/us-sees-69-fall-in-indian-student-numbers-as-visa-rules-tighten/,United States / India,US Indian student enrollment falls 6.9% as F-1 visa barriers accumulate.,negative,TRUE,
03-07-2026,Kenya–Italy Sign G2G Labour Migration MoU — Africa-Europe Corridor Deepens,https://www.the-star.co.ke/news/2026-07-02-kenya-italy-sign-migration-pact-to-expand-jobs,Kenya / Italy,"Kenya and Italy sign a government-to-government labour migration MoU, deepening the Africa-Europe corridor.",neutral,TRUE,
03-07-2026,EU Migration and Asylum Pact Now Fully Applicable Across All 27 Member States,https://www.hrw.org/news/2026/06/10/questions-and-answers-the-eu-pact-on-migration-and-asylum,European Union,The EU Migration and Asylum Pact is now fully applicable across all 27 member states.,neutral,TRUE,
03-07-2026,Germany: Skilled Immigrants Underused Despite Record Labour Shortages,https://www.newsworm.de/news/skilled-immigrants-underused-despite-germanys-labor-shortages,Germany,Skilled immigrants in Germany remain underused despite record labour shortages.,neutral,TRUE,
03-07-2026,"Canada Issues 4,000 Healthcare Express Entry ITAs — Indian Health Workers Well-Positioned",https://moving2canada.com/immigration/express-entry/express-entry-healthcare-draws/,Canada,"Canada issues 4,000 healthcare Express Entry ITAs, with Indian health workers well-positioned.",positive,TRUE,
02-07-2026,India Launches e-OCI Card — Digital Identity for 50 Lakh Diaspora Indians,https://www.fragomen.com/insights/india-electronic-overseas-citizen-of-india-card-launch-to-reduce-administrative-hurdles-and-streamline-entry.html,India / Global,"India launches the e-OCI card, a digital identity for 50 lakh diaspora Indians.",positive,TRUE,
02-07-2026,"H-1B Chaos: 7,300 Indian Tech Workers Return Home in First Half of 2026",https://restofworld.org/2026/h1b-visa-impact-india-tech-hiring-faamng/,United States / India,"7,300 Indian tech workers return home in H1 2026 amid H-1B chaos and the $100,000 fee.",negative,TRUE,
02-07-2026,UK Raises Skilled Worker Skill Bar to Degree Level from July 22,https://www.centuroglobal.com/articles/uk-immigration-2026-changes/,United Kingdom,UK raises the Skilled Worker visa skill bar to degree level from July 22.,negative,TRUE,
02-07-2026,"South Korea Unveils 2026 Immigration Strategy: STEM, Technical, and Agriculture Visas Expanded",https://www.bal.com/immigration-news/south-korea-new-immigration-strategy-includes-expanded-eligibility-for-top-tier-visa-new-visas-for-technical-workers/,South Korea,"South Korea's 2026 Immigration Strategy expands STEM, technical and agriculture visas.",positive,TRUE,
02-07-2026,US Supreme Court Allows Trump to Terminate TPS for 1.3 Million Migrants,https://www.americanimmigrationcouncil.org/blog/supreme-court-immigration-ruling-tps-asylum-seekers/,United States,US Supreme Court allows Trump to terminate TPS for 1.3 million migrants.,negative,TRUE,
02-07-2026,Japan Adds 7 New Manufacturing Categories to Specified Skilled Worker Evaluations,https://japan-visa.com/visas/specified-skills,Japan,Japan adds 7 new manufacturing categories to Specified Skilled Worker evaluations.,neutral,TRUE,
02-07-2026,Canada Expands Quebec Worker Open Work Permit for Skilled Applicants' Families,https://immigrationnewscanada.ca/new-canada-immigration-changes-july-2026/,Canada,Canada expands the Quebec Skilled Worker open work permit to eligible applicants' families.,positive,TRUE,
02-07-2026,US Bill Proposes 3-Year H-1B Moratorium with $200K Salary Floor,https://americanbazaaronline.com/2026/04/06/proposed-100000-h-1b-fee-could-redirect-indian-tech-talent-abroad-478344/,United States,"A US bill proposes a 3-year H-1B moratorium with a $200,000 salary floor.",negative,TRUE,
02-07-2026,Australia's July 1 Package: Subclass 407 Training Visa Also Updated,https://kpmg.com/xx/en/our-insights/gms-flash-alert/2026/flash-alert-2026-069.html,Australia,Australia's July 1 immigration package also updates the Subclass 407 Training Visa.,neutral,TRUE,
02-07-2026,US Net International Migration Falls in 90% of Counties — Census Confirms Structural Decline,https://www.census.gov/library/stories/2026/03/net-international-migration.html,United States,"US net international migration falls in 90% of counties, confirming structural decline.",neutral,TRUE,
01-07-2026,Jaishankar: India Has 28 Mobility Agreements; Trusted Pathways Build Economies,https://aninews.in/news/world/asia/india-has-signed-28-migration-mobility-partnerships-trusted-pathways-can-contribute-to-stronger-economies-jaishankar20260701002436/,India / Global,"Jaishankar says India has 28 mobility agreements, with trusted pathways building economies.",positive,TRUE,
01-07-2026,India Hikes Passport Fees by Up to 75% from Today — First Revision in 14 Years,https://newsonair.gov.in/government-raises-passport-application-fees/,India / Global,"India hikes passport fees by up to 75%, the first revision in 14 years.",neutral,TRUE,
01-07-2026,"UAE: Alhind Takes Over Indian Consular Services Today, Replacing BLS and IVS",https://gulfnews.com/uae/al-hind-to-take-over-indian-passport-and-visa-services-in-uae-from-july-1-1.500580489,UAE / India,"Alhind takes over Indian consular services in the UAE today, replacing BLS and IVS.",neutral,TRUE,
01-07-2026,US Launches $750 B-1/B-2 Expedite Visa Fee Pilot from July 1,https://goimmigrationlaw.com/july-2026-visa-bulletin/,United States,US launches a $750 B-1/B-2 expedite visa fee pilot from July 1.,negative,TRUE,
01-07-2026,South Africa Anti-Migrant Marches Continue July 1 After Deadline Passes Without Mass Violence,https://www.hngn.com/articles/271812/20260630/south-africas-disputed-migrant-deadline-passes-without-major-violence-tens-thousands-flee.htm,South Africa,South Africa anti-migrant marches continue July 1 after a deadline passes without mass violence.,neutral,TRUE,
01-07-2026,Philippines Upgrades Seafarer Employment Contracts Under Magna Carta Standards,https://www.manilatimes.net/2026/07/01/business/maritime/dmw-updates-seafarer-contracts-for-magna-carta/2375571,Philippines / Global,Philippines upgrades seafarer employment contracts under Magna Carta standards.,positive,TRUE,
30-06-2026,"India–New Zealand FTA Signed: 5,000 Annual Skilled Visas + 1,000 WHVs for Indians",https://www.visahq.com/news/2026-04-27/in/india-new-zealand-fta-signed-unlocking-5000-annual-work-visas-for-indian-professionals/,New Zealand / India,"India-New Zealand FTA creates 5,000 annual skilled visas plus 1,000 Work & Holiday Visa slots for Indians.",positive,TRUE,
30-06-2026,India–Slovakia MoU on Labour Migration Signed During Modi's Historic Bratislava Visit,https://www.tribuneindia.com/news/world/india-slovakia-sign-mous-on-labour-migration-digital-technology/,Slovakia / India,India and Slovakia sign an MoU on labour migration during Modi's historic Bratislava visit.,positive,TRUE,
30-06-2026,US F/J Duration of Status Rule Clears OMB — 4-Year Student Visa Cap Near,https://monitor.icef.com/2026/05/us-moves-to-end-duration-of-status-for-f-j-and-i-visas-new-rule-could-limit-the-time-international-students-can-study-in-the-us/,United States,"US F/J Duration of Status rule clears OMB, nearing a 4-year student visa cap.",negative,TRUE,
30-06-2026,US Court Strikes Down H-1B $100k Fee — But Stay Keeps It Active During Appeal,https://www.npr.org/2026/06/09/nx-s1-5851474/federal-judge-fee-h1b-visa,United States,A US court strikes down the H-1B $100k fee but a stay keeps it active during appeal.,neutral,TRUE,
30-06-2026,"Australia Opens 185,000 PR Spots for 2026-27; Employer-Sponsored Places Up 32%",https://www.y-axis.com/news/australia-opens-185000-pr-spots-2026-27-skilled-professionals/,Australia,"Australia opens 185,000 PR spots for 2026-27, with employer-sponsored places up 32%.",positive,TRUE,
30-06-2026,"US Court Lifts USCIS Benefits Freeze — Green Cards, Work Permits Resume Processing",https://www.americanimmigrationcouncil.org/blog/green-card-news-uscis-memo/,United States,"A US court lifts the USCIS benefits freeze, resuming green card and work permit processing.",positive,TRUE,
30-06-2026,US Senate Passes $70 Billion Enforcement Package for ICE and Border Patrol,https://www.boundless.com/blog/boundless-weekly-immigration-news,United States,US Senate passes a $70 billion enforcement package for ICE and Border Patrol.,negative,TRUE,
30-06-2026,Australia Employer-Sponsored Visa Salary Thresholds Rise July 1,https://iasservices.org.uk/australia-announces-skilled-visa-salary-increases-and-opens-2026-work-and-holiday-visa-ballots/,Australia,Australia's employer-sponsored visa salary thresholds rise July 1.,neutral,TRUE,
30-06-2026,EU Single Permit Directive in Force: Equal Rights for Non-EU Workers Across All 27 States,https://eur-lex.europa.eu/EN/legal-content/summary/non-eu-workers-a-single-permit-for-residence-and-work-in-the-eu-2026.html,European Union,"The EU Single Permit Directive enters force, mandating equal rights for non-EU workers across all 27 states.",positive,TRUE,
30-06-2026,South Africa Anti-Migrant June 30 Deadline: Thousands Flee Ahead of Threats,https://www.france24.com/en/africa/20260629-thousands-foreign-nationals-leave-south-africa-ahead-june-30-deadline,South Africa,South Africa's anti-migrant June 30 deadline prompts thousands of foreign nationals to flee ahead of threats.,negative,TRUE,
29-06-2026,July Bulletin: EB-5 India Joins EB-2 as Unavailable for FY2026,https://travel.state.gov/content/travel/en/legal/visa-law0/visa-bulletin/2026/visa-bulletin-for-july-2026.html,United States,July Bulletin shows EB-5 India joins EB-2 as unavailable for FY2026.,negative,TRUE,
29-06-2026,Indian Carriers Gradually Restoring Gulf Flights as Airspace Eases,https://www.khaleejtimes.com/world/asia/indian-airlines-resume-flights-gulf-middle-east,Gulf Region / India,Indian carriers gradually restore Gulf flights as airspace eases.,positive,TRUE,
29-06-2026,Iran-US ceasefire holds tentatively; US Navy widens Strait of Hormuz corridor,https://www.pbs.org/newshour/world/iran-and-u-s-reach-an-initial-deal-to-extend-the-ceasefire-and-open-the-strait-of-hormuz-but-challenges-remain,Gulf Region / Iran,Iran-US ceasefire holds tentatively as the US Navy widens the Strait of Hormuz corridor.,neutral,TRUE,
29-06-2026,"Canada issues 4,000 healthcare Express Entry invitations at CRS 475",https://immigrationnewscanada.ca/latest-express-entry-draw-on-june-25-2026/,Canada,"Canada issues 4,000 healthcare Express Entry invitations at a CRS cutoff of 475.",positive,TRUE,
29-06-2026,Ireland expands employment permits: 32 occupation updates across key sectors,https://kpmg.com/xx/en/our-insights/gms-flash-alert/2026/flash-alert-2026-136.html,Ireland,Ireland expands employment permits with 32 occupation updates across key sectors.,positive,TRUE,
29-06-2026,UK Global Talent visa adds Design Industry pathway from July 1,https://www.gov.uk/global-talent,United Kingdom,UK Global Talent visa adds a Design Industry pathway from July 1.,positive,TRUE,
29-06-2026,India uses ILC Geneva to push bilateral mobility and skill-recognition pacts with 8 countries,https://www.business-standard.com/economy/news/india-pushes-labour-mobility-skill-recognition-pacts-at-geneva-conference-126061001091_1.html,India / Global,India uses the ILC Geneva conference to push bilateral mobility and skill-recognition pacts with 8 countries.,positive,TRUE,
28-06-2026,Gulf migrant workers face deadly summer heat with inadequate protection,https://www.hrw.org/news/2026/06/23/gulf-states-migrant-workers-heat-protections-fall-short,Gulf Region,"Gulf migrant workers face deadly summer heat with inadequate protection, per Human Rights Watch.",negative,TRUE,
28-06-2026,EU Parliament votes to fast-track deportations and green-light 'return hubs',https://www.euronews.com/my-europe/2026/06/01/eu-greenlights-controversial-return-hubs-in-strictest-ever-new-migration-law,European Union,EU Parliament votes to fast-track deportations and green-light offshore 'return hubs'.,neutral,TRUE,
28-06-2026,EU Pact on Migration and Asylum enters full application across all 27 member states,https://home-affairs.ec.europa.eu/news/new-migration-and-asylum-rules-enter-application-what-changing-2026-06-12_en,European Union,EU Pact on Migration and Asylum enters full application across all 27 member states.,neutral,TRUE,
26-06-2026,"Gulf conflict leaves 1M Indians stranded; 75,000+ summer flights axed",https://themigrationstory.com/post/waiting-for-flights-to-resume-gulf-bound-indian-workers-in-limbo-as-war-disrupts-travel/,Gulf Region / India,"Gulf conflict leaves 1M Indians stranded as 75,000+ summer flights are axed.",negative,TRUE,
26-06-2026,US EB-2 India annual limit exhausted — category fully shut through Sept 30,https://www.fragomen.com/insights/united-states-eb-2-india-immigrant-visa-category-unavailable-through-september-30-after-reaching-annual-limit-for-fy-2026.html,United States,"US EB-2 India annual limit is exhausted, shutting the category through Sept 30.",negative,TRUE,
26-06-2026,"Chile launches expedited 2-year, multi-entry business visa for Indian nationals",https://www.fragomen.com/insights/chile-expedited-business-visa-implemented-for-indian-nationals.html,Chile,Chile launches an expedited 2-year multi-entry business visa exclusively for Indian nationals.,positive,TRUE,
26-06-2026,UK set to double ILR settlement wait from 5 to 10 years,https://www.jobbatical.com/blog/uk-immigration-policy-2026-updates,United Kingdom,UK set to double the ILR settlement qualifying period from 5 to 10 years.,negative,TRUE,
26-06-2026,EU Talent Pool Regulation enters into force — global non-EU jobseekers eligible,https://iuslaboris.com/insights/eu-talent-pool-regulation-new-framework-takes-effect-in-june-2026/,European Union,"EU Talent Pool Regulation enters into force, making global non-EU jobseekers eligible.",positive,TRUE,
26-06-2026,South Korea expands Top-Tier Visa to academics and researchers from June 1,https://kpmg.com/xx/en/our-insights/gms-flash-alert/2026/flash-alert-2026-080.html,South Korea,South Korea expands its Top-Tier Visa to academics and researchers from June 1.,positive,TRUE,
26-06-2026,Japan halts new food-service SSW Type 1 intake; foreign residents surge 9.6%,https://jobsinjapan.com/japan-faq/japan-2026-foreign-hiring-visa-changes/,Japan,Japan halts new food-service SSW Type 1 intake as foreign residents surge 9.6%.,negative,TRUE,
26-06-2026,Canada lets provincial nominees work without AOR confirmation (from June 9),https://www.cicnews.com/2026/06/canada-eases-access-to-work-permits-for-provincial-nominees-0676800.html,Canada,Canada lets provincial nominees work without AOR confirmation from June 9.,positive,TRUE,
26-06-2026,Canada's study-permit exemption for work permit holders expires June 27,https://immigrationnewscanada.ca/canada-immigration-changes-june-2026/,Canada,Canada's study-permit exemption for work permit holders expires June 27.,negative,TRUE,
26-06-2026,Poland restricts labor market access for Schengen-route entrants from June 1,https://www.bal.com/immigration-news/poland-immigration-reforms-in-effect-june-1/,Poland,Poland restricts labor market access for Schengen-route entrants from June 1.,neutral,TRUE,
25-06-2026,"India–Slovakia seal labour mobility MoU, social security pact next",https://organiser.org/2026/06/15/358367/world/india-slovakia-heralds-new-era-of-partnership-seal-mous-in-defence-digital-tech-counter-terrorism-labour-mobility/,India / Slovakia,"India and Slovakia seal a labour mobility MoU, with a social security pact next.",positive,TRUE,
25-06-2026,EB-2 India retrogresses 10.5 months in June visa bulletin,https://www.fragomen.com/insights/june-2026-visa-bulletin.html,United States,EB-2 India retrogresses 10.5 months in the June visa bulletin.,negative,TRUE,
25-06-2026,Court stay keeps $100k H-1B fee in force,https://www.crownworldmobility.com/insights/immigration-weekly-update-june-18-2026-2/,United States,A court stay keeps the $100k H-1B fee in force.,negative,TRUE,
25-06-2026,India and EU finalise draft comprehensive mobility pact,https://www.visahq.com/news/2026-04-24/in/india-and-eu-finalise-draft-of-comprehensive-mobility-pact-covering-work-and-study-routes/,India / European Union,India and the EU finalise a draft comprehensive mobility pact covering work and study routes.,positive,TRUE,
25-06-2026,US moves to cap international student stays at fixed terms,https://www.outlookbusiness.com/news/us-clears-visa-rule-change-foreign-students-may-face-stay-limits-heres-what-it-means-for-indians,United States,US moves to cap international student stays at fixed terms.,negative,TRUE,
25-06-2026,UK raises English bar and shuts care-worker visa route,https://www.nhsemployers.org/articles/impacts-changes-uk-immigration-policy,United Kingdom,UK raises the English bar and shuts the care-worker visa route.,negative,TRUE,
25-06-2026,"Italy's Decreto Flussi opens ~498,000 work visas for 2026-28",https://italylawfirms.com/en/italian-decreto-flussi-2026-work-visa-quotas-clickdays/,Italy,"Italy's Decreto Flussi opens ~498,000 non-EU work visas for 2026-28.",positive,TRUE,
25-06-2026,"Germany launches digital skilled-worker visa portal, cuts Blue Card to 27 days",https://www.visahq.com/news/2026-02-24/de/germany-rolls-out-fully-digital-skilled-worker-visa-portal-across-all-embassies/,Germany,"Germany launches a digital skilled-worker visa portal, cutting Blue Card processing to 27 days.",positive,TRUE,
25-06-2026,"Canada slashes temporary residents 43%, ends Student Direct Stream",https://www.fragomen.com/insights/canada-2026-2028-immigration-levels-plan-announced.html,Canada,Canada slashes temporary residents 43% and ends the Student Direct Stream.,negative,TRUE,
25-06-2026,Australia lifts Skills in Demand salary floors from July 1,https://www.fragomen.com/insights/minimum-salary-changes-announced.html,Australia,Australia lifts Skills in Demand salary floors from July 1.,neutral,TRUE,
24-06-2026,India and Slovakia sign labour migration MoU,https://www.tribuneindia.com/news/world/india-slovakia-sign-mous-on-labour-migration-digital-technology/,India / Slovakia,India and Slovakia sign an MoU on labour migration.,positive,TRUE,
24-06-2026,EB-2 India retrogresses 10.5 months in June visa bulletin,https://wolfsdorf.com/june-2026-visa-bulletin-sharp-retrogression-for-india-eb-1-and-eb-2-signals-mounting-pressure-on-employment-based-visa-numbers/,United States,EB-2 India retrogresses 10.5 months in the June visa bulletin.,negative,TRUE,
24-06-2026,Court strikes down $100k H-1B fee as bill threatens quota,https://restofworld.org/2026/h1b-visa-impact-india-tech-hiring-faamng/,United States,A court strikes down the $100k H-1B fee even as a bill threatens to slash the quota.,neutral,TRUE,
24-06-2026,India overhauls employment visa categories and FRRO rules,https://www.fragomen.com/insights/india-visa-registration-rules-and-employment-visa-categories-revised.html,India,India overhauls employment visa categories and FRRO registration rules.,neutral,TRUE,
24-06-2026,US moves to cap international student stays at fixed terms,https://www.outlookbusiness.com/news/us-clears-visa-rule-change-foreign-students-may-face-stay-limits-heres-what-it-means-for-indians,United States,US moves to cap international student stays at fixed terms.,negative,TRUE,
24-06-2026,UK raises English bar and shuts care-worker visa route,https://www.nhsemployers.org/articles/impacts-changes-uk-immigration-policy,United Kingdom,UK raises the English bar and shuts the care-worker visa route.,negative,TRUE,
24-06-2026,"Italy's Decreto Flussi opens ~498,000 work visas for 2026-28",https://italylawfirms.com/en/italian-decreto-flussi-2026-work-visa-quotas-clickdays/,Italy,"Italy's Decreto Flussi opens ~498,000 non-EU work visas for 2026-28.",positive,TRUE,
24-06-2026,Germany updates Blue Card rules amid Indian nurse demand,https://www.make-it-in-germany.com/en/looking-for-foreign-professionals/entering/admission-labour-market/nursing-and-care-professionals,Germany,Germany updates Blue Card rules amid demand for Indian nurses.,positive,TRUE,
24-06-2026,Canada slashes temporary residents 43% for 2026,https://www.fragomen.com/insights/canada-2026-2028-immigration-levels-plan-announced.html,Canada,Canada slashes temporary residents 43% for 2026.,negative,TRUE,
24-06-2026,Australia lifts Skills in Demand salary floors from July 1,https://www.fragomen.com/trending/australian-immigration.html,Australia,Australia lifts Skills in Demand salary floors from July 1.,neutral,TRUE,
23-06-2026,Quiet news day,https://gatifoundationgroup.slack.com/,,Quiet news day — 0 items found in the last 24 hours.,neutral,TRUE,
19-06-2026,India-Slovakia Sign Labour Migration Digital MoU,https://www.tribuneindia.com/news/world/india-slovakia-sign-mous-on-labour-migration-digital-technology/,India / Slovakia,India and Slovakia sign a labour migration and digital technology MoU.,positive,TRUE,
19-06-2026,India Emerges as Global Skills Hub,https://www.business-standard.com/immigration/india-emerges-as-global-skills-hub-amid-worldwide-talent-shifts-deel-126061100801_1.html,India / Global,"India emerges as a global skills hub amid worldwide talent shifts, per Deel's Global Talent Map.",positive,TRUE,
19-06-2026,EU Migration Pact Becomes Fully Operational,https://www.hrw.org/news/2026/06/10/questions-and-answers-the-eu-pact-on-migration-and-asylum,European Union,The EU Migration and Asylum Pact becomes fully applicable.,negative,TRUE,
19-06-2026,Sweden Implements Stricter Labour Immigration Rules,https://www.safeguardglobal.com/resources/blog/sweden-new-labor-immigration-rules/,Sweden,Sweden implements stricter labour immigration rules with a higher wage requirement.,negative,TRUE,
18-06-2026,EU-India mobility pact targets July 1 provisional entry,https://www.radvisionworld.com/blog/what-does-the-mobility-deal-between-the-eu-and-india-mean-for-skilled-workers/,European Union,The EU-India mobility pact targets July 1 for provisional entry into force.,positive,TRUE,
18-06-2026,NITI Aayog framework advances state-led international mobility,https://www.niti.gov.in/sites/default/files/2026-05/States-Framework-on-International-Mobility.pdf,India,NITI Aayog's framework advances state-led international mobility.,positive,TRUE,
18-06-2026,"India-Israel announce 50,000 worker quota for 5 years",https://ddnews.gov.in/en/india-israel-sign-16-mous-pm-modi-and-pm-netanyahu-announce-special-strategic-partnership/,Israel / India,"India and Israel announce a 50,000 worker quota over the next five years.",positive,TRUE,
18-06-2026,India secures 27 mobility agreements with 23 countries,https://ddnews.gov.in/en/indias-mobility-pacts-with-23-countries-must-be-expanded-to-protect-migrants-mos-kirti-vardhan-singh/,India / Global,India has secured 27 mobility agreements with 23 countries.,positive,TRUE,
18-06-2026,Thailand scraps 60-day visa-free entry for Indians,https://www.visahq.news/,Thailand,"Thailand scraps 60-day visa-free entry for Indians, reinstating Visa-on-Arrival.",negative,TRUE,
17-06-2026,India-Israel Sign Labour Mobility MoU,https://ddnews.gov.in/en/india-israel-sign-16-mous-pm-modi-and-pm-netanyahu-announce-special-strategic-partnership/,Israel / India,India and Israel sign 16 MoUs including a labour mobility agreement.,positive,TRUE,
17-06-2026,Germany Proposes Six-Week Fast-Track Skilled Worker Visa,https://www.visahq.news/,Germany,Germany proposes a six-week fast-track skilled worker visa.,positive,TRUE,
17-06-2026,Italy Extends Asylum Job-Access Wait to 90 Days,https://www.visahq.news/,Italy,Italy extends the asylum job-access wait to 90 days.,negative,TRUE,
17-06-2026,France Operationalises EU Migration Pact with Biometric Screening,https://www.visahq.news/,France,France operationalises the EU Migration Pact with mandatory biometric screening.,neutral,TRUE,
17-06-2026,Czech Republic Attracts Scientific and Technical Talent,https://iuslaboris.com/insights/global-mobility-update-june-2026/,Czech Republic,Czech Republic introduces new efforts to attract scientific and technical talent.,positive,TRUE,
17-06-2026,Sweden Tightens Migration Rules,https://iuslaboris.com/insights/global-mobility-update-june-2026/,Sweden,Sweden tightens migration rules per the June 2026 global mobility update.,negative,TRUE,
16-06-2026,India-EU Mobility Pact Draft Finalized — Implementation July 2026,https://www.visahq.com/news/2026-04-24/in/india-and-eu-finalise-draft-of-comprehensive-mobility-pact-covering-work-and-study-routes/,European Union / India,"India-EU Mobility Pact draft is finalized, targeting implementation in July 2026.",positive,TRUE,
16-06-2026,AYUSH Practitioners Get EU Recognition Under India Pact,https://www.radvisionworld.com/blog/what-does-the-mobility-deal-between-the-eu-and-india-mean-for-skilled-workers/,European Union,AYUSH practitioners get EU recognition under the India-EU mobility pact.,positive,TRUE,
16-06-2026,"Italy Approves 500,000 Work Permits for 2026-2028",https://www.infomigrants.net/en/post/71133/spains-migrant-regularization-scheme-what-it-means-for-mobility-across-the-eu,Italy,"Italy approves close to 500,000 work permits for non-EU nationals for 2026-2028.",positive,TRUE,
16-06-2026,Germany Launches Work-and-Stay Agency for Skilled Immigration,https://www.infomigrants.net/en/post/71211/struggling-to-retain-workforce-talent-some-eu-countries-turn-to-recruiting-from-abroad,Germany,Germany launches the Work-and-Stay Agency to simplify skilled immigration.,positive,TRUE,
16-06-2026,"France Updates ""Under Strain"" Sectors List for Work Permits",https://www.infomigrants.net/en/post/71211/struggling-to-retain-workforce-talent-some-eu-countries-turn-to-recruiting-from-abroad,France,France updates its 'under strain' sectors list to facilitate expedited work permits.,positive,TRUE,
15-06-2026,US Visa Bulletin: India EB-2 Retrogresses 10+ Months,https://travel.state.gov/content/travel/en/legal/visa-law0/visa-bulletin/2026/visa-bulletin-for-june-2026.html,United States,US Visa Bulletin shows India EB-2 retrogressing more than 10 months.,negative,TRUE,
15-06-2026,Estonia Implements Major Immigration Reforms for Foreign Workers,https://www.fragomen.com/insights/estonia-significant-immigration-reforms-increase-foreign-worker-employment-flexibility.html,Estonia,Estonia implements major immigration reforms increasing flexibility for foreign workers.,positive,TRUE,
15-06-2026,Kuwait Suspends All Commercial Visit Visas Indefinitely,https://nairametrics.com/2026/06/13/kuwait-suspends-commercial-visit-visas-disrupts-business-travel-globally/,Kuwait,Kuwait indefinitely suspends all Commercial Visit Visas.,negative,TRUE,
15-06-2026,Gulf Corporate Relocations Remain Resilient Despite Regional Tensions,https://www.agbi.com/analysis/employment/2026/06/corporate-relocations-to-the-gulf-retain-appeal/,UAE/Saudi Arabia,Gulf corporate relocations remain resilient despite regional tensions.,neutral,TRUE,
15-06-2026,Costa Rica Introduces Humanitarian Permit for Latin American Nationals,https://www.visasupdate.com/post/costa-rica-special-humanitarian-permit-2026,Costa Rica,Costa Rica introduces a special humanitarian permit for Latin American nationals.,positive,TRUE,
13-06-2026,US EB-2 Immigrant Visas for India Exhausted,https://www.klaskolaw.com/june-2026/,United States,US EB-2 immigrant visas for India are exhausted for FY2026.,negative,TRUE,
13-06-2026,EB-1 and EB-2 India Cutoff Dates Retrogress,https://travel.state.gov/content/travel/en/legal/visa-law0/visa-bulletin/2026/visa-bulletin-for-june-2026.html,United States,EB-1 and EB-2 India cutoff dates retrogress in the June visa bulletin.,negative,TRUE,
13-06-2026,Federal Judge Blocks US Immigration Processing Halt,https://www.boundless.com/blog/boundless-weekly-immigration-news,United States,A federal judge blocks US immigration processing halt policies.,positive,TRUE,
13-06-2026,US Proposes Limits on Discretionary Work Authorization,https://ariasvilla.com/new-work-permit-proposal-asylum-office-expansion-and-visa-processing-updates/,United States,US proposes limits on discretionary work authorization for certain aliens.,negative,TRUE,
13-06-2026,Philippines EB-3 Visa Category May Face Retrogression,https://travel.state.gov/content/travel/en/legal/visa-law0/visa-bulletin/2026/visa-bulletin-for-june-2026.html,Philippines,Philippines EB-3 visa category may face retrogression due to high demand.,neutral,TRUE,
12-05-2026,UAE Airspace Locked Down as Iranian Drone Strikes Disrupt Gulf Hubs,https://www.visahq.com/news/2026-05-11/ae/regional-airspace-restrictions-return-as-new-drone-barrage-disrupts-emirates-and-etihad-hubs/,UAE,UAE airspace locked down as Iranian drone strikes disrupt Emirates and Etihad hubs.,negative,TRUE,
12-05-2026,"US Rejects UN Migration Forum Declaration, Signals Continued Restrictionism",https://www.usnews.com/news/world/articles/2026-05-11/us-rejects-un-migration-forum-declaration-state-department-says,USA,"The US rejects the UN Migration Forum declaration, signalling continued restrictionism.",negative,TRUE,
12-05-2026,USCIS Can Now Deny Accepted Immigration Petitions for Invalid Signatures,https://www.visahq.com/news/2026-05-11/us/uscis-issues-interim-final-rule-allowing-denial-of-approved-petitions-over-invalid-signatures/,USA,USCIS can now deny already-accepted immigration petitions over invalid signatures.,negative,TRUE,
12-05-2026,"Czech Republic Releases 2,000 New Non-EU Worker Slots for May",https://www.visahq.com/news/2026-05-11/cz/czech-trade-ministry-adds-2000-new-qualified-employee-slots-as-may-quota-opens/,Czech Republic / EU,"Czech Republic releases 2,000 new non-EU worker slots for May.",positive,TRUE,
12-05-2026,Switzerland Sets 14 June Vote on Hard 10-Million Population Cap,https://www.visahq.com/news/2026-05-11/ch/switzerland-sets-14-june-vote-on-landmark-10-million-population-cap/,Switzerland,Switzerland sets a 14 June vote on a hard 10-million population cap.,negative,TRUE,
12-05-2026,Canada Express Entry PNP Draw Issues 380 Invitations at CRS Cutoff 798,https://immigrationnewscanada.ca/new-first-express-entry-draw-of-may-2026/,Canada,Canada's Express Entry PNP draw issues 380 invitations at a CRS cutoff of 798.,neutral,TRUE,
12-05-2026,"Spain Fights to Preserve Amnesty for 500,000 Undocumented Migrants",https://www.visahq.com/news/2026-05-11/es/spanish-state-counsel-urges-supreme-court-not-to-freeze-mass-regularisation-of-500000-migrants/,Spain / EU,"Spain fights to preserve amnesty for 500,000 undocumented migrants.",positive,TRUE,
12-05-2026,Poland Nationwide e-ID Outage Freezes All Residence-Permit Applications,https://www.visahq.com/news/2026-05-11/pl/nationwide-e-id-outage-in-poland-freezes-online-residence-permit-filings/,Poland / EU,A nationwide e-ID outage in Poland freezes all residence-permit applications.,negative,TRUE,
12-05-2026,China Gains Visa-Free Access to Brazil as Reciprocal Waiver Takes Effect,https://www.visahq.com/news/2026-05-11/cn/brazils-visa-free-entry-for-chinese-citizens-takes-effect-opening-the-door-to-south-america/,Brazil / China,China gains visa-free access to Brazil as a reciprocal waiver takes effect.,negative,TRUE,
12-05-2026,"India Activates 24/7 War Room, Evacuates 5,500+ Nationals as Gulf Crisis Deepens",https://www.visahq.com/news/2026-05-11/in/india-activates-247-war-room-and-repatriates-2500-nationals-as-west-asia-crisis-escalates/,India / West Asia,"India activates a 24/7 war room and evacuates 5,500+ nationals as the Gulf crisis deepens.",negative,TRUE,
11-05-2026,UAE Airports Briefly Halt Flights Amid Missile Alert — Gulf Lifeline Disrupted,https://www.visahq.com/news/2026-05-10/ae/reports-claim-abu-dhabi-and-dubai-airports-briefly-suspended-traffic-amid-weekend-missile-scare/,UAE / Gulf Region,UAE airports briefly halt flights amid a missile alert.,negative,TRUE,
11-05-2026,"UK Channel Crossings Hit 200,000 Milestone — Fresh Pressure to Tighten Immigration",https://www.visahq.com/news/2026-05-10/gb/channel-small-boat-arrivals-hit-200000-milestone-piling-pressure-on-uk-migration-policy/,United Kingdom,"UK Channel crossings hit the 200,000 milestone, piling pressure on migration policy.",negative,TRUE,
11-05-2026,British Airways Freezes Abu Dhabi Route as Middle East Conflict Deepens,https://www.visahq.com/news/2026-05-10/gb/british-airways-freezes-abu-dhabi-route-as-middle-east-conflict-keeps-uk-carriers-in-holding-pattern/,United Kingdom / UAE,British Airways freezes its Abu Dhabi route as the Middle East conflict deepens.,negative,TRUE,
11-05-2026,UK Healthcare Staffing App Automates 'Share Code' Right-to-Work Checks,https://www.visahq.com/news/2026-05-10/gb/digital-share-code-checks-become-standard-as-healthcare-staffing-app-automates-right-to-work-verification/,United Kingdom,A UK healthcare staffing app automates Share Code right-to-work checks.,neutral,TRUE,
11-05-2026,Austria-Romania Bust Human-Trafficking Ring Exploiting Migrant Women,https://www.visahq.com/news/2026-05-10/at/austrian-romanian-police-operation-breaks-human-trafficking-ring-exploiting-migrant-women/,Austria / Romania / EU,Austria and Romania bust a human-trafficking ring exploiting migrant women.,negative,TRUE,
11-05-2026,US Revokes Visas of 27 Cruise-Ship Crew After Child-Exploitation Probe,https://www.visahq.com/news/2026-05-10/us/us-revokes-visas-of-27-cruise-ship-crew-members-after-child-exploitation-probe/,United States,US revokes visas of 27 cruise-ship crew after a child-exploitation probe.,negative,TRUE,
11-05-2026,Indonesia Reaffirms Migrant Worker Protection Commitment at UN IMRF,https://www.thestar.com.my/aseanplus/aseanplus-news/2026/05/11/indonesia-reaffirms-commitment-to-migrant-worker-protection-at-un-migration-forum,Indonesia / UN,Indonesia reaffirms its migrant worker protection commitment at the UN IMRF.,neutral,TRUE,
11-05-2026,Philippine OFWs Safely Repatriated from Dubai Amid Middle East Tensions,https://filipinotimes.net/latest-news/2026/05/10/10-ofws-from-dubai-safely-return-to-ph-amid-middle-east-tensions/,Philippines / UAE,Philippine OFWs are safely repatriated from Dubai amid Middle East tensions.,neutral,TRUE,
11-05-2026,India–EFTA Bern Mission Pivots Trade Deal Towards People Mobility,https://www.visahq.com/news/2026-05-10/in/commerce-secretarys-bern-mission-pushes-india-efta-trade-deal-from-paper-to-people-mobility/,India / Switzerland / EFTA,India-EFTA Bern mission pivots the trade deal towards people mobility.,positive,TRUE,
11-05-2026,Karnataka HC Rules Tourist Visas Cannot Cover Business Activities,https://www.visahq.com/news/2026-05-10/in/karnataka-high-court-clarifies-that-tourist-visas-cannot-cover-business-activities/,India,Karnataka High Court rules tourist visas cannot cover business activities.,neutral,TRUE,
08-05-2026,UN IMRF 2026 Closes; GCM Progress Declaration Adopted in New York,https://migrationnetwork.un.org/international-migration-review-forum-2026,Global / United Nations,The UN IMRF 2026 closes with adoption of the GCM Progress Declaration in New York.,neutral,TRUE,
08-05-2026,IOM World Migration Report 2026: Gains At Risk as Legal Pathways Narrow,https://www.iom.int/news/iom-report-migration-drives-economies-and-development-gains-are-risk,Global,IOM's World Migration Report 2026 warns development gains are at risk as legal pathways narrow.,negative,TRUE,
08-05-2026,Romania Enacts Digital Work Permit Reform; New DAM1/DAM2 Visa System In Force,https://www.crownworldmobility.com/insights/immigration-weekly-update-may-7-2026/,Romania (EU),Romania enacts a digital work permit reform with a new DAM1/DAM2 visa system.,neutral,TRUE,
08-05-2026,US USCIS FY2026 H-2B Returning Worker Second Allocation Cap Reached,https://www.crownworldmobility.com/insights/immigration-weekly-update-may-7-2026/,USA,US USCIS FY2026 H-2B returning worker second allocation cap is reached.,negative,TRUE,
08-05-2026,UAE Eases Minimum Property Threshold for Two-Year Investor Residence Visa,https://www.crownworldmobility.com/insights/immigration-weekly-update-may-7-2026/,UAE,UAE eases the minimum property threshold for its two-year investor residence visa.,positive,TRUE,
08-05-2026,"22,500+ Seafarers Stranded in Persian Gulf; Philippines, South Asian Workers in Limbo",https://www.aljazeera.com/news/2026/5/8/as-us-and-iran-weigh-peace-deal-stranded-seafarers-wait-in-limbo,Global / Persian Gulf,"Over 22,500 seafarers remain stranded in the Persian Gulf amid stalled US-Iran peace talks.",negative,TRUE,
08-05-2026,"Germany Declares India ""Country of Choice"" for Skilled Migration; Triple Win",https://ianslive.in/india-country-of-choice-for-skilled-worker-migration-german-official--20260508072102,Germany / India,Germany declares India its 'country of choice' for skilled migration.,positive,TRUE,
08-05-2026,"Indian Seafarers Recount Nightly Blasts, Hunger and Fear in Iran War Ordeal",https://www.al-monitor.com/originals/2026/05/indian-seafarers-endured-nightly-blasts-lack-food-iran-war-ordeal,Gulf Region / India,"Indian seafarers recount nightly blasts, hunger and fear during the Iran war ordeal.",negative,TRUE,
08-05-2026,"Trapped in Hormuz: 20,000+ Indian Maritime Workers Stranded; 2,680 Evacuated",https://gcaptain.com/trapped-in-hormuz-indian-sailors-describe-nights-of-missiles-fear-and-hunger/,Gulf Region / India,"Over 20,000 Indian maritime workers remain stranded in Hormuz, with only 2,680 evacuated.",negative,TRUE,
08-05-2026,India Tops Global Remittances at $137.7B; IOM Flags Gulf Corridor Vulnerability,https://ianslive.in/india-worlds-top-receiver-of-remittances-from-workers-overseas-getting-1377-billion--20260506061803,India / Global,"India tops global remittances at $137.7B, though IOM flags Gulf corridor vulnerability.",positive,TRUE,
07-05-2026,"India's 283,772 H-1B Approvals in FY25 Ignite Fresh US Jobs Debate",https://www.business-standard.com/immigration/india-s-283-772-h-1b-visa-approvals-in-fy25-spark-fresh-us-jobs-debate-126050600401_1.html,USA / India,"India's 283,772 H-1B approvals in FY25 ignite fresh US jobs debate.",neutral,TRUE,
07-05-2026,India Tops Global Remittances at $137.7B — Only Nation Crossing $100B Mark,https://ianslive.in/india-worlds-top-receiver-of-remittances-from-workers-overseas-getting-1377-billion--20260506061803,India / Global,"India tops global remittances at $137.7B, the only nation crossing $100B.",positive,TRUE,
07-05-2026,IOM World Migration Report 2026: Migration Development Gains at Risk as Legal Pathways Shrink,https://www.iom.int/news/iom-report-migration-drives-economies-and-development-gains-are-risk,Global,IOM's World Migration Report 2026 warns migration development gains are at risk as legal pathways shrink.,negative,TRUE,
07-05-2026,India-UAE and India-US Among World's Top 10 Migration Corridors: UN,https://www.tribuneindia.com/news/india/india-uae-india-us-among-top-10-migration-corridors-in-2024-un,India / UAE / USA,"India-UAE and India-US rank among the world's top 10 migration corridors, per the UN.",positive,TRUE,
07-05-2026,"India Launches e-OCI Platform: Citizenship Rules Expand Diaspora Eligibility, Tighten Compliance",https://www.fragomen.com/insights/india-new-oci-rules-bring-broader-eligibility-but-stricter-compliance-measures.html,India / Global Diaspora,"India launches the e-OCI platform, expanding diaspora eligibility while tightening compliance.",positive,TRUE,
07-05-2026,South Australia Issues 509 Skilled Migration Invitations in May 2026 Round,https://migration.sa.gov.au/news/invitations-issued-may-2026,Australia,South Australia issues 509 skilled migration invitations in its May 2026 round.,positive,TRUE,
07-05-2026,Romania Implements New Unified Digital Work Permit System for Non-EU Workers,https://www.fragomen.com/insights/romania-new-unified-work-permit-system-and-online-system-implemented.html,Romania / EU,Romania implements a new unified digital work permit system for non-EU workers.,positive,TRUE,
07-05-2026,New Zealand Details Further Skilled Migrant Category Changes Effective August 2026,https://www.immigration.govt.nz/about-us/news-centre/further-changes-to-the-skilled-migrant-category-to-come-into-effect-in-august-2026/,New Zealand,New Zealand details further Skilled Migrant Category changes effective August 2026.,positive,TRUE,
07-05-2026,Australia Parliament Opens Public Hearings on Value of Skilled Migration,https://newshub.medianet.com.au/2026/05/upcoming-hearings-on-the-value-of-skilled-migration/150982/,Australia,Australia's Parliament opens public hearings on the value of skilled migration.,neutral,TRUE,
2026-09-16,New international grad students double in Canada,<https://thepienews.com/number-of-new-international-grad-students-soars-in-canada/>,Destination Countries,"Canada issued 6,455 new graduate study permits in Q2 2026, more than double a year earlier, with India cited among top source markets, a bright spot for Indian postgraduate aspirants as other destinations tighten.",positive,true,The PIE News
2026-09-15,"USCIS mandates new I-539, I-765 forms, no grace period",<https://www.uscis.gov/newsroom/alerts/uscis-to-publish-new-editions-of-form-i-539-and-form-i-765-older-editions-will-be-rejected-starting>,Destination Countries,"From Sept 15 USCIS rejects older editions of Forms I-539 and I-765 with no grace period, a filing trap for Indian F-1/OPT and H-4 applicants who submit the wrong version.",neutral,true,USCIS
2026-09-10,Australia cancels entire course for first time over visa misuse,<https://monitor.icef.com/2026/09/for-the-first-time-the-australian-government-has-exercised-its-powers-to-cancel-an-entire-course/>,Destination Countries,"Australia used new powers for the first time to cancel an entire course over visa misuse, blocking new enrolments across 452 providers and signalling tighter scrutiny of the Indian VET pipeline.",negative,true,ICEF Monitor
2026-09-16,US schools top QS MBA ranking; India 4th by count,<https://thepienews.com/us-institutions-dominate-global-mba-rankings/>,Destination Countries,"US business schools swept the top four of the QS Global MBA 2027 rankings while India placed fourth for representation with 28 institutions, though QS flags European programmes as better value.",neutral,true,The PIE News
2026-09-10,"South Korea imposes quality controls on universities, agents",<https://monitor.icef.com/2026/09/korean-government-introduces-new-quality-controls-for-universities-and-agents/>,Destination Countries,"South Korea introduced mandatory conduct standards for universities and recruitment agents from October, tightening quality controls that raise the bar for all foreign-student recruitment.",neutral,true,ICEF Monitor
2026-09-10,Netherlands: international students contribute far more than they cost,<https://monitor.icef.com/2026/09/netherlands-government-commissioned-research-finds-that-international-students-contribute-much-more-than-the-public-cost-of-hosting-them/>,Destination Countries,"Dutch government research found international students contribute far more in lifetime taxes than they cost, strengthening the case for the Netherlands as an open destination.",positive,true,ICEF Monitor
2026-09-15,EAIE: Europe sharpens focus on talent retention,<https://thepienews.com/eaie-national-strategies-sharpen-focus-on-talent-but-autonomy-stays-non-negotiable/>,Destination Countries,"European talent strategies presented at EAIE sharpened focus on attracting and retaining skilled graduates, with Germany's stay-back push and the UK's export goal relevant to Indians weighing Europe.",neutral,true,The PIE News
